Beer name	Brewery location	Beer rating
Brouwerij Rodenbach (Palm)	Roeselare, Belgium	3.6
Magic Rock Brewing	Huddersfield, West Yorkshire	3.6
Evil Twin Brewing	Brooklyn, New York	3.6
Stone Brewing	Escondido, California	3.6
Goose Island Beer Company (AB-InBev)	Chicago, Illinois	3.6
Braukollektiv	Freiburg im Breisgau, Baden-Württemberg	3.6
Brauerei Heller	Bamberg, Bavaria	3.6
Cloudwater Brew Co	Manchester, Greater Manchester	3.6
Brauerei Aying	Aying, Bavaria	3.6
Evil Twin Brewing	Brooklyn, New York	3.6
Firestone Walker Brewing (Duvel-Moortgat)	Paso Robles, California	3.6
Rogue Ales	Newport, Oregon	3.6
Fuller’s	London, Greater London	3.6
Arbor	Bristol, Gloucestershire	3.6
Brewery Ommegang (Duvel-Moortgat)	Cooperstown, New York	3.6
Magic Rock Brewing	Huddersfield, West Yorkshire	3.1
Cellarmaker Brewing Company	San Francisco, California	3.1
The Veil Brewing Company	Richmond, Virginia	3.1
J. Wakefield Brewing	Miami, Florida	3.1
Founders Brewing Company	Grand Rapids, Michigan	3.1
Cycle Brewing	Saint Petersburg, Florida	3.1
Dogfish Head Brewery	Milton, Delaware	3.1
Great Divide Brewing Company	Denver, Colorado	3.1
Beachwood BBQ & Brewing	Long Beach, California	3.1
Stone Brewing	Escondido, California	3.1
Dark Horse Brewing Company	Marshall, Michigan	3.1
J. Wakefield Brewing	Miami, Florida	3.1
Prairie Artisan Ales	Tulsa, Oklahoma	3.1
Oakham	Peterborough, Cambridgeshire	3.1
Bayerische Staatsbrauerei Weihenstephan	Freising, Bavaria	3.1
Evil Twin Brewing	Brooklyn, New York	3.9
Moon Under Water Brewery	Victoria, British Columbia	3.9
Modern Times Beer	San Diego, California	3.9
Ballast Point Brewing Company (Constellation)	San Diego, California	3.9
The Kernel	Bermondsey, Greater London	3.9
Evil Twin Brewing	Brooklyn, New York	3.9
Westbrook Brewing	Mount Pleasant, South Carolina	3.9
Cigar City Brewing	Tampa, Florida	3.9
Klosterbrauerei Ettal	Ettal, Bavaria	3.9
Bayerische Staatsbrauerei Weihenstephan	Freising, Bavaria	3.9
Ballast Point Brewing Company (Constellation)	San Diego, California	3.9
Hair of the Dog Brewing Company	Portland, Oregon	3.9
Lagunitas Brewing Company (Heineken)	Petaluma, California	3.9
J. Wakefield Brewing	Miami, Florida	3.9
Fiddlehead Brewing Company	Shelburne, Vermont	3.9
Pelican Pub & Brewery	Pacific City, Oregon	3.7
Tree House Brewing Company	Monson, Massachusetts	3.7
Jack’s Abby Brewing	Framingham, Massachusetts	3.7
Throwback Brewery	North Hampton, New Hampshire	3.7
Carton Brewing	Atlantic Highlands, New Jersey	3.7
Stone Brewing	Escondido, California	3.7
Lagunitas Brewing Company (Heineken)	Petaluma, California	3.7
Cellarmaker Brewing Company	San Francisco, California	3.7
Cellarmaker Brewing Company	San Francisco, California	3.7
Trillium Brewing Company	Boston, Massachusetts	3.7
Bayerische Staatsbrauerei Weihenstephan	Freising, Bavaria	3.7
Trillium Brewing Company	Boston, Massachusetts	3.7
Brauerei Aying	Aying, Bavaria	3.7
Trillium Brewing Company	Boston, Massachusetts	3.7
Allagash Brewing Company	Portland, Maine	3.7
Trillium Brewing Company	Boston, Massachusetts	4.3
Lawson’s Finest Liquids	Warren, Vermont	4.3
Brasseurs du Nord	Blainville, Quebec	4.3
Brasserie Dunham	Dunham, Quebec	4.3
Funky Buddha Brewery	Oakland Park, Florida	4.3
AleSmith Brewing Company	San Diego, California	4.3
Bear Republic Brewing Company	Healdsburg, California	4.3
Central Waters Brewing Co.	Amherst, Wisconsin	4.3
AleSmith Brewing Company	San Diego, California	4.3
Nickel Brook Brewing Co.	Burlington, Ontario	4.3
Charles Wells (Marston’s)	Bedford, Bedfordshire	4.3
Tree House Brewing Company	Monson, Massachusetts	4.3
Bayerische Staatsbrauerei Weihenstephan	Freising, Bavaria	4.3
Goose Island Beer Company (AB-InBev)	Chicago, Illinois	4.3
Tree House Brewing Company	Monson, Massachusetts	4.3
Brouwerij Van Steenberge	Ertvelde, Belgium	3.6
Boulder Beer Company	Boulder, Colorado	3.6
Charles Wells (Marston’s)	Bedford, Bedfordshire	3.6
Moor	Bristol, Gloucestershire	3.6
Moor	Bristol, Gloucestershire	3.6
Alpine Beer Company (CA)	Alpine, California	3.6
Magic Rock Brewing	Huddersfield, West Yorkshire	3.6
Magic Rock Brewing	Huddersfield, West Yorkshire	3.6
Cycle Brewing	Saint Petersburg, Florida	3.6
Stone Brewing	Escondido, California	3.6
Dieu du Ciel	Montreal, Quebec	3.6
The Alchemist	Stowe, Vermont	3.6
Craftwerk Brewing (Bitburger)	Bitburg, Rhineland-Palatinate	3.6
Fuller’s	London, Greater London	3.6
Paulaner Brauerei (Schörghuber)	Munich, Bavaria	3.6
LTM - Les Trois Mousquetaires	Brossard, Quebec	3.9
Real Ale Brewing Company	Blanco, Texas	3.9
Rogue Ales	Newport, Oregon	3.9
North Coast Brewing Company	Fort Bragg, California	3.9
Magic Rock Brewing	Huddersfield, West Yorkshire	3.9
Moor	Bristol, Gloucestershire	3.9
Buxton	Buxton, Derbyshire	3.9
Buxton	Buxton, Derbyshire	3.9
Brouwerij Van Steenberge	Ertvelde, Belgium	3.9
Redchurch	Bethnal Green, Greater London	3.9
Three Floyds Brewing Company	Munster, Indiana	3.9
Monkish Brewing Company	Torrance, California	3.9
Cloudwater Brew Co	Manchester, Greater Manchester	3.9
Cloudwater Brew Co	Manchester, Greater Manchester	3.9
Cloudwater Brew Co	Manchester, Greater Manchester	3.9
Cloudwater Brew Co	Manchester, Greater Manchester	4
Chimay	Baileux, Belgium	4
Mikkeller San Diego	San Diego, California	4
pFriem Family Brewers	Hood River, Oregon	4
Cloudwater Brew Co	Manchester, Greater Manchester	4
Magic Hat Brewing Company (Cervecería Costa Rica - FIFCO)	South Burlington, Vermont	4
Cloudwater Brew Co	Manchester, Greater Manchester	4
Superstition Meadery	Prescott, Arizona	4
Superstition Meadery	Prescott, Arizona	4
Superstition Meadery	Prescott, Arizona	4
New Glarus Brewing Company	New Glarus, Wisconsin	4
Creature Comforts Brewing Company	Athens, Georgia	4
Toppling Goliath	Decorah, Iowa	4
Brouwerij der Trappisten van Westmalle	Malle, Belgium	4
Beyond the Pale Brewing Company	Ottawa, Ontario	4
Trillium Brewing Company	Boston, Massachusetts	3.6
Westvleteren Abdij St. Sixtus	Westvleteren, Belgium	3.6
The Alchemist	Stowe, Vermont	3.6
Cloudwater Brew Co	Manchester, Greater Manchester	3.6
Chimay	Baileux, Belgium	3.6
Sante Adairius Rustic Ales	Capitola, California	3.6
Brauerei Heller	Bamberg, Bavaria	3.6
Funky Buddha Brewery	Oakland Park, Florida	3.6
Microbrasserie Maltstrom	Notre-Dame-des-Prairies, Quebec	3.6
Microbrasserie Maltstrom	Notre-Dame-des-Prairies, Quebec	3.6
Pelican Pub & Brewery	Pacific City, Oregon	3.6
Buxton	Buxton, Derbyshire	3.6
Jack’s Abby Brewing	Framingham, Massachusetts	3.6
Cigar City Brewing	Tampa, Florida	3.6
Jolly Pumpkin Artisan Ales	Dexter, Michigan	3.6
Superstition Meadery	Prescott, Arizona	3.7
Cigar City Brewing	Tampa, Florida	3.7
Sante Adairius Rustic Ales	Capitola, California	3.7
Deya Brewing Company	Cheltenham , Gloucestershire	3.7
Sante Adairius Rustic Ales	Capitola, California	3.7
Driftwood Brewery (Canada)	Victoria, British Columbia	3.7
Sante Adairius Rustic Ales	Capitola, California	3.7
Brauerei Rittmayer Hallerndorf	Hallerndorf, Bavaria	3.7
The Alchemist	Stowe, Vermont	3.7
Tree House Brewing Company	Monson, Massachusetts	3.7
Fuller’s	London, Greater London	3.7
Trillium Brewing Company	Boston, Massachusetts	3.7
Other Half Brewing	Brooklyn, New York	3.7
Chimay	Baileux, Belgium	3.7
Other Half Brewing	Brooklyn, New York	3.7
York	York, North Yorkshire	3.4
Brasserie Dunham	Dunham, Quebec	3.4
Magic Rock Brewing	Huddersfield, West Yorkshire	3.4
Other Half Brewing	Brooklyn, New York	3.4
Rogue Ales	Newport, Oregon	3.4
Cigar City Brewing	Tampa, Florida	3.4
Cigar City Brewing	Tampa, Florida	3.4
Cigar City Brewing	Tampa, Florida	3.4
AleSmith Brewing Company	San Diego, California	3.4
Bell’s Brewery	Galesburg, Michigan	3.4
Evil Twin Brewing	Brooklyn, New York	3.4
Victory Brewing Company (ABV)	Downingtown, Pennsylvania	3.4
Almanac Beer Company	San Francisco, California	3.4
Sante Adairius Rustic Ales	Capitola, California	3.4
Jolly Pumpkin Artisan Ales	Dexter, Michigan	3.4
Beavertown Brewery	Tottenham, Greater London	3.7
Port Brewing Company / The Lost Abbey	San Marcos, California	3.7
Sierra Nevada Brewing Company	Chico, California	3.7
Prairie Artisan Ales	Tulsa, Oklahoma	3.7
The Kernel	Bermondsey, Greater London	3.7
Trillium Brewing Company	Boston, Massachusetts	3.7
Tree House Brewing Company	Monson, Massachusetts	3.7
7venth Sun Brewery	Dunedin, Florida	3.7
Oskar Blues Brewery	Longmont, Colorado	3.7
Tired Hands Brewing Company	Ardmore, Pennsylvania	3.7
Cigar City Brewing	Tampa, Florida	3.7
Westbrook Brewing	Mount Pleasant, South Carolina	3.7
Brewery Ommegang (Duvel-Moortgat)	Cooperstown, New York	3.7
Brauerei Gebr. Maisel Bayreuth	Bayreuth, Bavaria	3.7
Buxton	Buxton, Derbyshire	3.7
Cellarmaker Brewing Company	San Francisco, California	3.8
Stone Brewing	Escondido, California	3.8
Magic Rock Brewing	Huddersfield, West Yorkshire	3.8
Gigantic Brewing Co.	Portland, Oregon	3.8
AleSmith Brewing Company	San Diego, California	3.8
Thornbridge	Ashford in the Water, Derbyshire	3.8
Unibroue (Sapporo)	Chambly, Quebec	3.8
Snowdrift Cider Co.	East Wenatchee, Washington	3.8
Sierra Nevada Brewing Company	Chico, California	3.8
Trillium Brewing Company	Boston, Massachusetts	3.8
Dogfish Head Brewery	Milton, Delaware	3.8
Sierra Nevada Brewing Company	Chico, California	3.8
Avery Brewing Company	Boulder, Colorado	3.8
Ballast Point Brewing Company (Constellation)	San Diego, California	3.8
Founders Brewing Company	Grand Rapids, Michigan	3.8
Schneider Weisse G. Schneider & Sohn GmbH	Kelheim, Bavaria	3.5
Great Divide Brewing Company	Denver, Colorado	3.5
Lagunitas Brewing Company (Heineken)	Petaluma, California	3.5
Sierra Nevada Brewing Company	Chico, California	3.5
Schramm’s Mead	Ferndale, Michigan	3.5
Thornbridge	Ashford in the Water, Derbyshire	3.5
Prairie Artisan Ales	Tulsa, Oklahoma	3.5
Brooklyn Brewery	Brooklyn, New York	3.5
The Kernel	Bermondsey, Greater London	3.5
Fieldwork Brewing Company	Berkeley, California	3.5
Toppling Goliath	Decorah, Iowa	3.5
Cycle Brewing	Saint Petersburg, Florida	3.5
Trillium Brewing Company	Boston, Massachusetts	3.5
The Alchemist	Stowe, Vermont	3.5
Creature Comforts Brewing Company	Athens, Georgia	3.5
Modern Times Beer	San Diego, California	3.6
Other Half Brewing	Brooklyn, New York	3.6
Cloudwater Brew Co	Manchester, Greater Manchester	3.6
Hop Valley Brewing Company	Eugene, Oregon	3.6
Epic Brewing Company (UT/CO)	Salt Lake City, Utah	3.6
Steamworks Brewing (Canada)	Vancouver, British Columbia	3.6
Funky Buddha Brewery	Oakland Park, Florida	3.6
Unibroue (Sapporo)	Chambly, Quebec	3.6
Epic Brewing Company (UT/CO)	Salt Lake City, Utah	3.6
Mikkeller San Diego	San Diego, California	3.6
Pipeworks Brewing Company	Chicago, Illinois	3.6
Fuller’s	London, Greater London	3.6
Tired Hands Brewing Company	Ardmore, Pennsylvania	3.6
Ballast Point Brewing Company (Constellation)	San Diego, California	3.6
Bayerische Staatsbrauerei Weihenstephan	Freising, Bavaria	3.6
North Coast Brewing Company	Fort Bragg, California	4.1
Lord Hobo Brewing Company	Woburn, Massachusetts	4.1
Tree House Brewing Company	Monson, Massachusetts	4.1
Firestone Walker Brewing (Duvel-Moortgat)	Paso Robles, California	4.1
Lagunitas Brewing Company (Heineken)	Petaluma, California	4.1
Pipeworks Brewing Company	Chicago, Illinois	4.1
Cycle Brewing	Saint Petersburg, Florida	4.1
Trillium Brewing Company	Boston, Massachusetts	4.1
Boulevard Brewing Company (Duvel-Moortgat)	Kansas City, Missouri	4.1
Boulevard Brewing Company (Duvel-Moortgat)	Kansas City, Missouri	4.1
AleSmith Brewing Company	San Diego, California	4.1
Firestone Walker Brewing (Duvel-Moortgat)	Paso Robles, California	4.1
Hill Farmstead Brewery	Greensboro, Vermont	4.1
Paulaner Brauerei (Schörghuber)	Munich, Bavaria	4.1
Tallgrass Brewing Company	Manhattan, Kansas	4.1
Suarez Family Brewery	Livingston , New York	3
Grand Teton Brewing Co.	Victor, Idaho	3
Southern Prohibition Brewery	Hattiesburg, Mississippi	3
Klosterbrauerei Andechs	Andechs, Bavaria	3
Rogue Ales	Newport, Oregon	3
Sutton Brouërie	Sutton, Quebec	3
American Solera	Tulsa, Oklahoma	3
Modern Times Beer	San Diego, California	3
Jack’s Abby Brewing	Framingham, Massachusetts	3
LTM - Les Trois Mousquetaires	Brossard, Quebec	3
Stillwater Artisanal	Baltimore, Maryland	3
Camba Bavaria	Seeon, Bavaria	3
Moonlight Brewing Company	Santa Rosa, California	3
Stiegl	Salzburg , Austria	3
Modern Times Beer	San Diego, California	3
Modern Times Beer	San Diego, California	4.2
Moonraker Brewing Company	Auburn, California	4.2
Cloudwater Brew Co	Manchester, Greater Manchester	4.2
American Solera	Tulsa, Oklahoma	4.2
Cigar City Brewing	Tampa, Florida	4.2
Half Acre Beer Company	Chicago, Illinois	4.2
Toppling Goliath	Decorah, Iowa	4.2
Three Floyds Brewing Company	Munster, Indiana	4.2
Cellarmaker Brewing Company	San Francisco, California	4.2
Prairie Artisan Ales	Tulsa, Oklahoma	4.2
Victory Brewing Company (ABV)	Downingtown, Pennsylvania	4.2
Buxton	Buxton, Derbyshire	4.2
Prairie Artisan Ales	Tulsa, Oklahoma	4.2
Paulaner Brauerei (Schörghuber)	Munich, Bavaria	4.2
The Alchemist	Stowe, Vermont	4.2
Stone Brewing	Escondido, California	4
Other Half Brewing	Brooklyn, New York	4
Brauerei Ferdinand Schumacher	Düsseldorf, North Rhine-Westphalia	4
The Veil Brewing Company	Richmond, Virginia	4
The Alchemist	Stowe, Vermont	4
LTM - Les Trois Mousquetaires	Brossard, Quebec	4
Crux Fermentation Project	Bend, Oregon	4
Alpine Beer Company (CA)	Alpine, California	4
Brasserie St-Feuillien / Friart	Le Roeulx, Belgium	4
Revolution Brewing Company	Chicago, Illinois	4
Other Half Brewing	Brooklyn, New York	4
Brasserie Vrooden	Granby, Quebec	4
Peak Organic Brewing Company	Portland, Maine	4
Monkish Brewing Company	Torrance, California	4
Stone Brewing	Escondido, California	4
Stone Brewing	Escondido, California	3.8
Cloudwater Brew Co	Manchester, Greater Manchester	3.8
Port Brewing Company / The Lost Abbey	San Marcos, California	3.8
L’Amère à Boire	Montreal, Quebec	3.8
Fuller’s	London, Greater London	3.8
Evil Twin Brewing	Brooklyn, New York	3.8
Arrogant Brewing	Escondido, California	3.8
Caldera Brewing Company	Ashland, Oregon	3.8
Almanac Beer Company	San Francisco, California	3.8
Sante Adairius Rustic Ales	Capitola, California	3.8
AleSmith Brewing Company	San Diego, California	3.8
Bell’s Brewery	Galesburg, Michigan	3.8
Tallgrass Brewing Company	Manhattan, Kansas	3.8
Hill Farmstead Brewery	Greensboro, Vermont	3.8
De Dolle Brouwers	Diksmuide, Belgium	3.8
Dark Horse Brewing Company	Marshall, Michigan	3.4
Dry County Brewing Company	Kennesaw, Georgia	3.4
Hill Farmstead Brewery	Greensboro, Vermont	3.4
Beavertown Brewery	Tottenham, Greater London	3.4
Stone Brewing	Escondido, California	3.4
Lagunitas Brewing Company (Heineken)	Petaluma, California	3.4
Great Divide Brewing Company	Denver, Colorado	3.4
Le Baladin	Piozzo, Italy	3.4
Prairie Artisan Ales	Tulsa, Oklahoma	3.4
Brouwerij der Trappisten van Westmalle	Malle, Belgium	3.4
Allagash Brewing Company	Portland, Maine	3.4
Dieu du Ciel	Montreal, Quebec	3.4
Founders Brewing Company	Grand Rapids, Michigan	3.4
Westvleteren Abdij St. Sixtus	Westvleteren, Belgium	3.4
Cloudwater Brew Co	Manchester, Greater Manchester	3.4
Cloudwater Brew Co	Manchester, Greater Manchester	4.3
Cigar City Brewing	Tampa, Florida	4.3
Brouwerij Van Steenberge	Ertvelde, Belgium	4.3
Revolution Brewing Company	Chicago, Illinois	4.3
Monkish Brewing Company	Torrance, California	4.3
Modern Times Beer	San Diego, California	4.3
Cloudwater Brew Co	Manchester, Greater Manchester	4.3
Brouwerij Rodenbach (Palm)	Roeselare, Belgium	4.3
Westvleteren Abdij St. Sixtus	Westvleteren, Belgium	4.3
Oskar Blues Brewery	Longmont, Colorado	4.3
Brouwerij Van Steenberge	Ertvelde, Belgium	4.3
Urban Chestnut Brewing Company	St. Louis, Missouri	4.3
AleSmith Brewing Company	San Diego, California	4.3
Karl Strauss Brewing Company	San Diego, California	4.3
Port Brewing Company / The Lost Abbey	San Marcos, California	4.3
Anchor Brewing Company	San Francisco, California	3.7
Oakham	Peterborough, Cambridgeshire	3.7
Cigar City Brewing	Tampa, Florida	3.7
Magic Rock Brewing	Huddersfield, West Yorkshire	3.7
The Kernel	Bermondsey, Greater London	3.7
Schneider Weisse G. Schneider & Sohn GmbH	Kelheim, Bavaria	3.7
Cloudwater Brew Co	Manchester, Greater Manchester	3.7
Founders Brewing Company	Grand Rapids, Michigan	3.7
The Veil Brewing Company	Richmond, Virginia	3.7
Other Half Brewing	Brooklyn, New York	3.7
Monkish Brewing Company	Torrance, California	3.7
Cloudwater Brew Co	Manchester, Greater Manchester	3.7
Magic Rock Brewing	Huddersfield, West Yorkshire	3.7
B. Nektar Meadery	Ferndale, Michigan	3.7
Suarez Family Brewery	Livingston , New York	3.7
Bayerische Staatsbrauerei Weihenstephan	Freising, Bavaria	3.5
Great Lakes Brewery (Ontario)	Etobicoke, Ontario	3.5
Voodoo Brewing Co.	Meadville, Pennsylvania	3.5
Magic Rock Brewing	Huddersfield, West Yorkshire	3.5
Superstition Meadery	Prescott, Arizona	3.5
Monkish Brewing Company	Torrance, California	3.5
Great Divide Brewing Company	Denver, Colorado	3.5
Siren	Finchampstead, Berkshire	3.5
Stone Brewing	Escondido, California	3.5
Founders Brewing Company	Grand Rapids, Michigan	3.5
Tired Hands Brewing Company	Ardmore, Pennsylvania	3.5
Hill Farmstead Brewery	Greensboro, Vermont	3.5
Prairie Artisan Ales	Tulsa, Oklahoma	3.5
Voodoo Brewing Co.	Meadville, Pennsylvania	3.5
Cloudwater Brew Co	Manchester, Greater Manchester	3.5
Other Half Brewing	Brooklyn, New York	4.2
Cloudwater Brew Co	Manchester, Greater Manchester	4.2
Cloudwater Brew Co	Manchester, Greater Manchester	4.2
Jester King Brewery	Austin, Texas	4.2
Evil Twin Brewing	Brooklyn, New York	4.2
Cigar City Brewing	Tampa, Florida	4.2
Schneider Weisse G. Schneider & Sohn GmbH	Kelheim, Bavaria	4.2
Great Lakes Brewery (Ontario)	Etobicoke, Ontario	4.2
Sixpoint Brewery	Brooklyn, New York	4.2
Founders Brewing Company	Grand Rapids, Michigan	4.2
Buxton	Buxton, Derbyshire	4.2
Uerige Obergärige Hausbrauerei	Düsseldorf, North Rhine-Westphalia	4.2
Chimay	Baileux, Belgium	4.2
Modern Times Beer	San Diego, California	4.2
Chimay	Baileux, Belgium	4.2
Cloudwater Brew Co	Manchester, Greater Manchester	3.7
Heineken Nederland	Zoeterwoude, Netherlands	3.7
Evil Twin Brewing	Brooklyn, New York	3.7
Port Brewing Company / The Lost Abbey	San Marcos, California	3.7
Sierra Nevada Brewing Company	Chico, California	3.7
Stone Brewing	Escondido, California	3.7
Evil Twin Brewing	Brooklyn, New York	3.7
Deschutes Brewery	Bend, Oregon	3.7
Ale Asylum	Madison, Wisconsin	3.7
New Glarus Brewing Company	New Glarus, Wisconsin	3.7
New Glarus Brewing Company	New Glarus, Wisconsin	3.7
Founders Brewing Company	Grand Rapids, Michigan	3.7
Port Brewing Company / The Lost Abbey	San Marcos, California	3.7
Parallel 49 Brewing Company	Vancouver, British Columbia	3.7
Founders Brewing Company	Grand Rapids, Michigan	3.7
Anchorage Brewing Company	Anchorage, Alaska	4.3
Half Acre Beer Company	Chicago, Illinois	4.3
Half Acre Beer Company	Chicago, Illinois	4.3
AleSmith Brewing Company	San Diego, California	4.3
Ballast Point Brewing Company (Constellation)	San Diego, California	4.3
Jolly Pumpkin Artisan Ales	Dexter, Michigan	4.3
Founders Brewing Company	Grand Rapids, Michigan	4.3
Founders Brewing Company	Grand Rapids, Michigan	4.3
Urban Chestnut Brewing Company	St. Louis, Missouri	4.3
Toppling Goliath	Decorah, Iowa	4.3
Brooklyn Brewery	Brooklyn, New York	4.3
Trillium Brewing Company	Boston, Massachusetts	4.3
Founders Brewing Company	Grand Rapids, Michigan	4.3
Trillium Brewing Company	Boston, Massachusetts	4.3
Firestone Walker Brewing (Duvel-Moortgat)	Paso Robles, California	4.3
Ballast Point Brewing Company (Constellation)	San Diego, California	4.1
Avery Brewing Company	Boulder, Colorado	4.1
Cigar City Brewing	Tampa, Florida	4.1
Hill Farmstead Brewery	Greensboro, Vermont	4.1
Short’s Brewing Company	Bellaire, Michigan	4.1
Prairie Artisan Ales	Tulsa, Oklahoma	4.1
Mikkeller San Diego	San Diego, California	4.1
Cloudwater Brew Co	Manchester, Greater Manchester	4.1
The Alchemist	Stowe, Vermont	4.1
The Alchemist	Stowe, Vermont	4.1
Oxbow Brewing Company	Newcastle, Maine	4.1
Fuller’s	London, Greater London	4.1
Lagunitas Brewing Company (Heineken)	Petaluma, California	4.1
Founders Brewing Company	Grand Rapids, Michigan	4.1
Avery Brewing Company	Boulder, Colorado	4.1
AleSmith Brewing Company	San Diego, California	4.4
Almanac Beer Company	San Francisco, California	4.4
Cigar City Brewing	Tampa, Florida	4.4
Avery Brewing Company	Boulder, Colorado	4.4
Boulevard Brewing Company (Duvel-Moortgat)	Kansas City, Missouri	4.4
Boston Beer Company	Boston, Massachusetts	4.4
Port Brewing Company / The Lost Abbey	San Marcos, California	4.4
Surly Brewing Company	Minneapolis, Minnesota	4.4
Prairie Artisan Ales	Tulsa, Oklahoma	4.4
Crooked Stave	Denver, Colorado	4.4
Brauerei Gebr. Maisel Bayreuth	Bayreuth, Bavaria	4.4
Brouwerij Rodenbach (Palm)	Roeselare, Belgium	4.4
Deschutes Brewery	Bend, Oregon	4.4
Magic Rock Brewing	Huddersfield, West Yorkshire	4.4
Avery Brewing Company	Boulder, Colorado	4.4
Angry Chair Brewing	Tampa, Florida	4
Karl Strauss Brewing Company	San Diego, California	4
Angry Chair Brewing	Tampa, Florida	4
De Dolle Brouwers	Diksmuide, Belgium	4
Lagunitas Brewing Company (Heineken)	Petaluma, California	4
Hair of the Dog Brewing Company	Portland, Oregon	4
Ballast Point Brewing Company (Constellation)	San Diego, California	4
Founders Brewing Company	Grand Rapids, Michigan	4
AleSmith Brewing Company	San Diego, California	4
Alaskan Brewing Company	Juneau, Alaska	4
Anchorage Brewing Company	Anchorage, Alaska	4
Anchorage Brewing Company	Anchorage, Alaska	4
Boulevard Brewing Company (Duvel-Moortgat)	Kansas City, Missouri	4
Bayerische Staatsbrauerei Weihenstephan	Freising, Bavaria	4
Chimay	Baileux, Belgium	4
Stone Brewing	Escondido, California	2.9
Cloudwater Brew Co	Manchester, Greater Manchester	2.9
Toppling Goliath	Decorah, Iowa	2.9
LTM - Les Trois Mousquetaires	Brossard, Quebec	2.9
LTM - Les Trois Mousquetaires	Brossard, Quebec	2.9
Port Brewing Company / The Lost Abbey	San Marcos, California	2.9
Boneyard Beer Company	Bend, Oregon	2.9
Founders Brewing Company	Grand Rapids, Michigan	2.9
LTM - Les Trois Mousquetaires	Brossard, Quebec	2.9
Mikkeller San Diego	San Diego, California	2.9
Dieu du Ciel	Montreal, Quebec	2.9
The Kernel	Bermondsey, Greater London	2.9
Dieu du Ciel	Montreal, Quebec	2.9
Bell’s Brewery	Galesburg, Michigan	2.9
Epic Brewing Company (UT/CO)	Salt Lake City, Utah	2.9
Goose Island Beer Company (AB-InBev)	Chicago, Illinois	4.4
Prairie Artisan Ales	Tulsa, Oklahoma	4.4
Brouwerij Van Steenberge	Ertvelde, Belgium	4.4
Westbrook Brewing	Mount Pleasant, South Carolina	4.4
Voodoo Brewing Co.	Meadville, Pennsylvania	4.4
Founders Brewing Company	Grand Rapids, Michigan	4.4
Rogue Ales	Newport, Oregon	4.4
Epic Brewing Company (UT/CO)	Salt Lake City, Utah	4.4
Sante Adairius Rustic Ales	Capitola, California	4.4
Bissell Brothers Brewing Company	Portland, Maine	4.4
Wicked Weed Brewing (AB-InBev)	Asheville, North Carolina	4.4
Great Divide Brewing Company	Denver, Colorado	4.4
Epic Brewing Company (UT/CO)	Salt Lake City, Utah	4.4
Epic Brewing Company (UT/CO)	Salt Lake City, Utah	4.4
Bissell Brothers Brewing Company	Portland, Maine	4.4
Evil Twin Brewing	Brooklyn, New York	3.9
Sante Adairius Rustic Ales	Capitola, California	3.9
Port Brewing Company / The Lost Abbey	San Marcos, California	3.9
North Coast Brewing Company	Fort Bragg, California	3.9
Chimay	Baileux, Belgium	3.9
Side Project Brewing	Maplewood, Missouri	3.9
Three Floyds Brewing Company	Munster, Indiana	3.9
Magic Rock Brewing	Huddersfield, West Yorkshire	3.9
Cigar City Brewing	Tampa, Florida	3.9
The Alchemist	Stowe, Vermont	3.9
AleSmith Brewing Company	San Diego, California	3.9
Denali Brewing Company	Talkeetna, Alaska	3.9
Superstition Meadery	Prescott, Arizona	3.9
Sante Adairius Rustic Ales	Capitola, California	3.9
Bellwoods Brewery	Toronto, Ontario	3.9
Bayerische Staatsbrauerei Weihenstephan	Freising, Bavaria	4
Hoppin’ Frog Brewery	Akron, Ohio	4
Bayerische Staatsbrauerei Weihenstephan	Freising, Bavaria	4
The Alchemist	Stowe, Vermont	4
Wiseacre Brewing	Memphis, Tennessee	4
Dieu du Ciel	Montreal, Quebec	4
Paulaner Brauerei (Schörghuber)	Munich, Bavaria	4
Burial Beer Company	Asheville, North Carolina	4
Collective Arts Brewing	Hamilton, Ontario	4
Left Hand Brewing Company	Longmont, Colorado	4
Funky Buddha Brewery	Oakland Park, Florida	4
Brewery Ommegang (Duvel-Moortgat)	Cooperstown, New York	4
Brauerei Gebr. Maisel Bayreuth	Bayreuth, Bavaria	4
Westvleteren Abdij St. Sixtus	Westvleteren, Belgium	4
Firestone Walker Brewing (Duvel-Moortgat)	Paso Robles, California	4
Stone Brewing	Escondido, California	4.3
Pipeworks Brewing Company	Chicago, Illinois	4.3
Lakefront Brewery	Milwaukee, Wisconsin	4.3
Suarez Family Brewery	Livingston , New York	4.3
Tired Hands Brewing Company	Ardmore, Pennsylvania	4.3
Brauerei Aying	Aying, Bavaria	4.3
Bale Breaker Brewing Company	Yakima, Washington	4.3
Cycle Brewing	Saint Petersburg, Florida	4.3
Schneider Weisse G. Schneider & Sohn GmbH	Kelheim, Bavaria	4.3
Stillwater Artisanal	Baltimore, Maryland	4.3
Central Waters Brewing Co.	Amherst, Wisconsin	4.3
Brouwerij Van Steenberge	Ertvelde, Belgium	4.3
Cigar City Brewing	Tampa, Florida	4.3
Westvleteren Abdij St. Sixtus	Westvleteren, Belgium	4.3
Evil Twin Brewing	Brooklyn, New York	4.3
De Dolle Brouwers	Diksmuide, Belgium	3.5
Sierra Nevada Brewing Company	Chico, California	3.5
7venth Sun Brewery	Dunedin, Florida	3.5
The Alchemist	Stowe, Vermont	3.5
Epic Brewing Company (UT/CO)	Salt Lake City, Utah	3.5
Magic Rock Brewing	Huddersfield, West Yorkshire	3.5
Magic Rock Brewing	Huddersfield, West Yorkshire	3.5
Siren	Finchampstead, Berkshire	3.5
Hill Farmstead Brewery	Greensboro, Vermont	3.5
Dieu du Ciel	Montreal, Quebec	3.5
Sierra Nevada Brewing Company	Chico, California	3.5
Brouwerij Rodenbach (Palm)	Roeselare, Belgium	3.5
Monkish Brewing Company	Torrance, California	3.5
Redchurch	Bethnal Green, Greater London	3.5
Cigar City Brewing	Tampa, Florida	3.5
De Dolle Brouwers	Diksmuide, Belgium	3.5
Sierra Nevada Brewing Company	Chico, California	3.5
7venth Sun Brewery	Dunedin, Florida	3.5
The Alchemist	Stowe, Vermont	3.5
Epic Brewing Company (UT/CO)	Salt Lake City, Utah	3.5
Magic Rock Brewing	Huddersfield, West Yorkshire	3.5
Magic Rock Brewing	Huddersfield, West Yorkshire	3.5
Siren	Finchampstead, Berkshire	3.5
Hill Farmstead Brewery	Greensboro, Vermont	3.5
Dieu du Ciel	Montreal, Quebec	3.5
Sierra Nevada Brewing Company	Chico, California	3.5
Brouwerij Rodenbach (Palm)	Roeselare, Belgium	3.5
Monkish Brewing Company	Torrance, California	3.5
Redchurch	Bethnal Green, Greater London	3.5
Cigar City Brewing	Tampa, Florida	3.5
De Dolle Brouwers	Diksmuide, Belgium	3.5
Sierra Nevada Brewing Company	Chico, California	3.5
7venth Sun Brewery	Dunedin, Florida	3.5
The Alchemist	Stowe, Vermont	3.5
Epic Brewing Company (UT/CO)	Salt Lake City, Utah	3.5
Magic Rock Brewing	Huddersfield, West Yorkshire	3.5
Magic Rock Brewing	Huddersfield, West Yorkshire	3.5
Siren	Finchampstead, Berkshire	3.5
Hill Farmstead Brewery	Greensboro, Vermont	3.5
Dieu du Ciel	Montreal, Quebec	3.5
Sierra Nevada Brewing Company	Chico, California	3.5
Brouwerij Rodenbach (Palm)	Roeselare, Belgium	3.5
Monkish Brewing Company	Torrance, California	3.5
Redchurch	Bethnal Green, Greater London	3.5
Cigar City Brewing	Tampa, Florida	3.5
Cellarmaker Brewing Company	San Francisco, California	4.1
Stone Brewing	Escondido, California	4.1
Goose Island Beer Company (AB-InBev)	Chicago, Illinois	4.1
Bell’s Brewery	Galesburg, Michigan	4.1
Port Brewing Company / The Lost Abbey	San Marcos, California	4.1
Craftwerk Brewing (Bitburger)	Bitburg, Rhineland-Palatinate	4.1
New Glarus Brewing Company	New Glarus, Wisconsin	4.1
Old Nation Brewing Company	Williamston, Michigan	4.1
Deschutes Brewery	Bend, Oregon	4.1
AleSmith Brewing Company	San Diego, California	4.1
Modern Times Beer	San Diego, California	4.1
Tired Hands Brewing Company	Ardmore, Pennsylvania	4.1
Tired Hands Brewing Company	Ardmore, Pennsylvania	4.1
Dieu du Ciel	Montreal, Quebec	4.1
Modern Times Beer	San Diego, California	4.1
Cloudwater Brew Co	Manchester, Greater Manchester	3.4
Brauerei Aying	Aying, Bavaria	3.4
Cloudwater Brew Co	Manchester, Greater Manchester	3.4
Lagunitas Brewing Company (Heineken)	Petaluma, California	3.4
Cloudwater Brew Co	Manchester, Greater Manchester	3.4
Brouwerij Rodenbach (Palm)	Roeselare, Belgium	3.4
Schneider Weisse G. Schneider & Sohn GmbH	Kelheim, Bavaria	3.4
Dieu du Ciel	Montreal, Quebec	3.4
WeldWerks Brewing Company	Greeley, Colorado	3.4
Brauerei Heller	Bamberg, Bavaria	3.4
Fargo Brewing Company	Fargo, North Dakota	3.4
Deschutes Brewery	Bend, Oregon	3.4
Allagash Brewing Company	Portland, Maine	3.4
Ballast Point Brewing Company (Constellation)	San Diego, California	3.4
AleSmith Brewing Company	San Diego, California	3.4
Jack’s Abby Brewing	Framingham, Massachusetts	3.6
New Glarus Brewing Company	New Glarus, Wisconsin	3.6
Bellwoods Brewery	Toronto, Ontario	3.6
Sierra Nevada Brewing Company	Chico, California	3.6
Stone Brewing	Escondido, California	3.6
North Coast Brewing Company	Fort Bragg, California	3.6
Tired Hands Brewing Company	Ardmore, Pennsylvania	3.6
B. Nektar Meadery	Ferndale, Michigan	3.6
Exile Brewing Company	Des Moines, Iowa	3.6
B. Nektar Meadery	Ferndale, Michigan	3.6
Brouwerij Van Steenberge	Ertvelde, Belgium	3.6
Brauerei Heller	Bamberg, Bavaria	3.6
Beavertown Brewery	Tottenham, Greater London	3.6
Hill Farmstead Brewery	Greensboro, Vermont	3.6
Port Brewing Company / The Lost Abbey	San Marcos, California	3.6
Goose Island Beer Company (AB-InBev)	Chicago, Illinois	2.3
Hill Farmstead Brewery	Greensboro, Vermont	2.3
Founders Brewing Company	Grand Rapids, Michigan	2.3
Breakside Brewery	Portland, Oregon	2.3
De Garde Brewing	Tillamook, Oregon	2.3
Deschutes Brewery	Bend, Oregon	2.3
Sierra Nevada Brewing Company	Chico, California	2.3
Ballast Point Brewing Company (Constellation)	San Diego, California	2.3
Central Waters Brewing Co.	Amherst, Wisconsin	2.3
Sierra Nevada Brewing Company	Chico, California	2.3
Half Acre Beer Company	Chicago, Illinois	2.3
Surly Brewing Company	Minneapolis, Minnesota	2.3
Stoneface Brewing Company	Newington, New Hampshire	2.3
North Coast Brewing Company	Fort Bragg, California	2.3
Free State Brewing Company	Lawrence, Kansas	2.3
Free State Brewing Company	Lawrence, Kansas	3.8
Evil Twin Brewing	Brooklyn, New York	3.8
Evil Twin Brewing	Brooklyn, New York	3.8
Indeed Brewing Company	Minneapolis, Minnesota	3.8
Founders Brewing Company	Grand Rapids, Michigan	3.8
De Dolle Brouwers	Diksmuide, Belgium	3.8
Cloudwater Brew Co	Manchester, Greater Manchester	3.8
AleSmith Brewing Company	San Diego, California	3.8
Sierra Nevada Brewing Company	Chico, California	3.8
Ballast Point Brewing Company (Constellation)	San Diego, California	3.8
Surly Brewing Company	Minneapolis, Minnesota	3.8
Sierra Nevada Brewing Company	Chico, California	3.8
Anchor Brewing Company	San Francisco, California	3.8
Toppling Goliath	Decorah, Iowa	3.8
Russian River Brewing	Santa Rosa, California	3.8
Cigar City Brewing	Tampa, Florida	4.1
Maine Beer Company	Freeport, Maine	4.1
Sierra Nevada Brewing Company	Chico, California	4.1
Trillium Brewing Company	Boston, Massachusetts	4.1
Bell’s Brewery	Galesburg, Michigan	4.1
Kuhnhenn Brewing	Warren, Michigan	4.1
Bayerische Staatsbrauerei Weihenstephan	Freising, Bavaria	4.1
Russian River Brewing	Santa Rosa, California	4.1
Ballast Point Brewing Company (Constellation)	San Diego, California	4.1
Founders Brewing Company	Grand Rapids, Michigan	4.1
Lawson’s Finest Liquids	Warren, Vermont	4.1
Brasserie de l’Abbaye des Rocs	Montignies-sur-Roc, Belgium	4.1
Brasserie St-Feuillien / Friart	Le Roeulx, Belgium	4.1
Oskar Blues Brewery	Longmont, Colorado	4.1
Magic Rock Brewing	Huddersfield, West Yorkshire	4.1
Other Half Brewing	Brooklyn, New York	3.9
Microbrasserie Pit Caribou	L’Anse-à-Beaufils, Quebec	3.9
Modern Times Beer	San Diego, California	3.9
Cigar City Brewing	Tampa, Florida	3.9
Half Acre Beer Company	Chicago, Illinois	3.9
Left Hand Brewing Company	Longmont, Colorado	3.9
AleSmith Brewing Company	San Diego, California	3.9
Modern Times Beer	San Diego, California	3.9
Ballast Point Brewing Company (Constellation)	San Diego, California	3.9
Founders Brewing Company	Grand Rapids, Michigan	3.9
Toppling Goliath	Decorah, Iowa	3.9
Prairie Artisan Ales	Tulsa, Oklahoma	3.9
Cloudwater Brew Co	Manchester, Greater Manchester	3.9
Charles Wells (Marston’s)	Bedford, Bedfordshire	3.9
Siren	Finchampstead, Berkshire	3.9
Cloudwater Brew Co	Manchester, Greater Manchester	3.7
Brouwerij Rodenbach (Palm)	Roeselare, Belgium	3.7
Bayerische Staatsbrauerei Weihenstephan	Freising, Bavaria	3.7
Brasserie Dunham	Dunham, Quebec	3.7
Hausbrauerei Päffgen	Cologne, North Rhine-Westphalia	3.7
Brasserie Dunham	Dunham, Quebec	3.7
Brauerei Gebr. Maisel Bayreuth	Bayreuth, Bavaria	3.7
AleSmith Brewing Company	San Diego, California	3.7
Founders Brewing Company	Grand Rapids, Michigan	3.7
Brouwerij Van Steenberge	Ertvelde, Belgium	3.7
Collective Arts Brewing	Hamilton, Ontario	3.7
Oskar Blues Brewery	Longmont, Colorado	3.7
The Alchemist	Stowe, Vermont	3.7
The Alchemist	Stowe, Vermont	3.7
Southern Tier Brewing Company (ABV)	Lakewood, New York	3.7
Brasserie dOrval	Florenville - Villers-d.-Orval, Belgium	4.5
Toppling Goliath	Decorah, Iowa	4.5
Deschutes Brewery	Bend, Oregon	4.5
Magic Rock Brewing	Huddersfield, West Yorkshire	4.5
Fuller’s	London, Greater London	4.5
Stone Brewing	Escondido, California	4.5
The Rare Barrel	Berkeley, California	4.5
Magic Rock Brewing	Huddersfield, West Yorkshire	4.5
Weird Beard	Ealing, Greater London	4.5
Alaskan Brewing Company	Juneau, Alaska	4.5
De Dolle Brouwers	Diksmuide, Belgium	4.5
Craftwerk Brewing (Bitburger)	Bitburg, Rhineland-Palatinate	4.5
Stone Brewing	Escondido, California	4.5
Stone Brewing	Escondido, California	4.5
Westvleteren Abdij St. Sixtus	Westvleteren, Belgium	4.5
Brooklyn Brewery	Brooklyn, New York	3.6
Wicked Weed Brewing (AB-InBev)	Asheville, North Carolina	3.6
The Alchemist	Stowe, Vermont	3.6
Charles Wells (Marston’s)	Bedford, Bedfordshire	3.6
Founders Brewing Company	Grand Rapids, Michigan	3.6
Sierra Nevada Brewing Company	Chico, California	3.6
Sante Adairius Rustic Ales	Capitola, California	3.6
Brewery Ommegang (Duvel-Moortgat)	Cooperstown, New York	3.6
Schneider Weisse G. Schneider & Sohn GmbH	Kelheim, Bavaria	3.6
Siren	Finchampstead, Berkshire	3.6
Westvleteren Abdij St. Sixtus	Westvleteren, Belgium	3.6
Beavertown Brewery	Tottenham, Greater London	3.6
Founders Brewing Company	Grand Rapids, Michigan	3.6
Great Divide Brewing Company	Denver, Colorado	3.6
New Glarus Brewing Company	New Glarus, Wisconsin	3.6
Monkish Brewing Company	Torrance, California	3.7
Lord Hobo Brewing Company	Woburn, Massachusetts	3.7
Fuller’s	London, Greater London	3.7
Hoppin’ Frog Brewery	Akron, Ohio	3.7
Hair of the Dog Brewing Company	Portland, Oregon	3.7
Avery Brewing Company	Boulder, Colorado	3.7
Stone Brewing	Escondido, California	3.7
Three Floyds Brewing Company	Munster, Indiana	3.7
Evil Twin Brewing	Brooklyn, New York	3.7
Suarez Family Brewery	Livingston , New York	3.7
Magic Rock Brewing	Huddersfield, West Yorkshire	3.7
Hill Farmstead Brewery	Greensboro, Vermont	3.7
Suarez Family Brewery	Livingston , New York	3.7
Ballast Point Brewing Company (Constellation)	San Diego, California	3.7
Hill Farmstead Brewery	Greensboro, Vermont	3.7
Bayerische Staatsbrauerei Weihenstephan	Freising, Bavaria	4.1
Bayerische Staatsbrauerei Weihenstephan	Freising, Bavaria	4.1
Lagunitas Brewing Company (Heineken)	Petaluma, California	4.1
Bayerische Staatsbrauerei Weihenstephan	Freising, Bavaria	4.1
Lagunitas Brewing Company (Heineken)	Petaluma, California	4.1
Cloudwater Brew Co	Manchester, Greater Manchester	4.1
Ballast Point Brewing Company (Constellation)	San Diego, California	4.1
Other Half Brewing	Brooklyn, New York	4.1
Lagunitas Brewing Company (Heineken)	Petaluma, California	4.1
Odell Brewing Company	Fort Collins, Colorado	4.1
Other Half Brewing	Brooklyn, New York	4.1
Surly Brewing Company	Minneapolis, Minnesota	4.1
Cloudwater Brew Co	Manchester, Greater Manchester	4.1
The Bruery	Placentia, California	4.1
The Bruery	Placentia, California	4.1
Sante Adairius Rustic Ales	Capitola, California	3.6
The Bruery	Placentia, California	3.6
Ballast Point Brewing Company (Constellation)	San Diego, California	3.6
Smuttynose Brewing Company	Hampton, New Hampshire	3.6
Magic Rock Brewing	Huddersfield, West Yorkshire	3.6
Founders Brewing Company	Grand Rapids, Michigan	3.6
Siren	Finchampstead, Berkshire	3.6
Bale Breaker Brewing Company	Yakima, Washington	3.6
Buxton	Buxton, Derbyshire	3.6
Jester King Brewery	Austin, Texas	3.6
Dieu du Ciel	Montreal, Quebec	3.6
Stone Brewing	Escondido, California	3.6
Brouwerij Rodenbach (Palm)	Roeselare, Belgium	3.6
Beavertown Brewery	Tottenham, Greater London	3.6
Cloudwater Brew Co	Manchester, Greater Manchester	3.6
Cloudwater Brew Co	Manchester, Greater Manchester	3.6
Brouwerij der Trappisten van Westmalle	Malle, Belgium	3.6
Ballast Point Brewing Company (Constellation)	San Diego, California	3.6
Hill Farmstead Brewery	Greensboro, Vermont	3.6
Magic Rock Brewing	Huddersfield, West Yorkshire	3.6
Cloudwater Brew Co	Manchester, Greater Manchester	3.6
Bayerische Staatsbrauerei Weihenstephan	Freising, Bavaria	3.6
Brasserie Artisanale de Rulles	Rulles, Belgium	3.6
Paulaner Brauerei (Schörghuber)	Munich, Bavaria	3.6
Stone Brewing	Escondido, California	3.6
Hill Farmstead Brewery	Greensboro, Vermont	3.6
Stone Brewing	Escondido, California	3.6
Cigar City Brewing	Tampa, Florida	3.6
Hill Farmstead Brewery	Greensboro, Vermont	3.6
Cloudwater Brew Co	Manchester, Greater Manchester	3.6
Cloudwater Brew Co	Manchester, Greater Manchester	3
Hill Farmstead Brewery	Greensboro, Vermont	3
Left Hand Brewing Company	Longmont, Colorado	3
Cigar City Brewing	Tampa, Florida	3
Siren	Finchampstead, Berkshire	3
Lord Hobo Brewing Company	Woburn, Massachusetts	3
Tired Hands Brewing Company	Ardmore, Pennsylvania	3
AleSmith Brewing Company	San Diego, California	3
Thornbridge	Ashford in the Water, Derbyshire	3
Superstition Meadery	Prescott, Arizona	3
Tired Hands Brewing Company	Ardmore, Pennsylvania	3
Toppling Goliath	Decorah, Iowa	3
B. Nektar Meadery	Ferndale, Michigan	3
Buxton	Buxton, Derbyshire	3
De Dolle Brouwers	Diksmuide, Belgium	3
Cycle Brewing	Saint Petersburg, Florida	3.6
Mikkeller San Diego	San Diego, California	3.6
Mikkeller San Diego	San Diego, California	3.6
Gänstaller Bräu	Hallerndorf, Bavaria	3.6
Magic Rock Brewing	Huddersfield, West Yorkshire	3.6
Cloudwater Brew Co	Manchester, Greater Manchester	3.6
Modern Times Beer	San Diego, California	3.6
Evil Twin Brewing	Brooklyn, New York	3.6
Other Half Brewing	Brooklyn, New York	3.6
Modern Times Beer	San Diego, California	3.6
Founders Brewing Company	Grand Rapids, Michigan	3.6
Westvleteren Abdij St. Sixtus	Westvleteren, Belgium	3.6
Surly Brewing Company	Minneapolis, Minnesota	3.6
Fuller’s	London, Greater London	3.6
Dieu du Ciel	Montreal, Quebec	3.6
Bear Republic Brewing Company	Healdsburg, California	3.7
Deschutes Brewery	Bend, Oregon	3.7
Evil Twin Brewing	Brooklyn, New York	3.7
Sante Adairius Rustic Ales	Capitola, California	3.7
Dieu du Ciel	Montreal, Quebec	3.7
Moor	Bristol, Gloucestershire	3.7
Schneider Weisse G. Schneider & Sohn GmbH	Kelheim, Bavaria	3.7
Founders Brewing Company	Grand Rapids, Michigan	3.7
Great Divide Brewing Company	Denver, Colorado	3.7
Schneider Weisse G. Schneider & Sohn GmbH	Kelheim, Bavaria	3.7
Terrapin Beer Company	Athens, Georgia	3.7
Brewery Ommegang (Duvel-Moortgat)	Cooperstown, New York	3.7
Brouwerij der Trappisten van Westmalle	Malle, Belgium	3.7
AleSmith Brewing Company	San Diego, California	3.7
Hill Farmstead Brewery	Greensboro, Vermont	3.7
Cigar City Brewing	Tampa, Florida	3.6
Boston Beer Company	Boston, Massachusetts	3.6
Hill Farmstead Brewery	Greensboro, Vermont	3.6
The Alchemist	Stowe, Vermont	3.6
Sante Adairius Rustic Ales	Capitola, California	3.6
Trillium Brewing Company	Boston, Massachusetts	3.6
Tallgrass Brewing Company	Manhattan, Kansas	3.6
DC Brau Brewing Company	Washington DC, Washington DC	3.6
Chimay	Baileux, Belgium	3.6
Kane Brewing Company	Ocean, New Jersey	3.6
Schramm’s Mead	Ferndale, Michigan	3.6
Aslin Beer Company	Herndon, Virginia	3.6
New Glarus Brewing Company	New Glarus, Wisconsin	3.6
Breakside Brewery	Portland, Oregon	3.6
Cigar City Brewing	Tampa, Florida	3.6
Bell’s Brewery	Galesburg, Michigan	3.7
Magic Rock Brewing	Huddersfield, West Yorkshire	3.7
LTM - Les Trois Mousquetaires	Brossard, Quebec	3.7
Driftwood Brewery (Canada)	Victoria, British Columbia	3.7
Lagunitas Brewing Company (Heineken)	Petaluma, California	3.7
Russian River Brewing	Santa Rosa, California	3.7
L’Amère à Boire	Montreal, Quebec	3.7
Hill Farmstead Brewery	Greensboro, Vermont	3.7
Brouwerij Rodenbach (Palm)	Roeselare, Belgium	3.7
Lawson’s Finest Liquids	Warren, Vermont	3.7
Foundation Brewing Company	Portland, Maine	3.7
L’Amère à Boire	Montreal, Quebec	3.7
E.Z. Orchards	Salem, Oregon	3.7
Sierra Nevada Brewing Company	Chico, California	3.7
Collective Arts Brewing	Hamilton, Ontario	3.7
L’Amère à Boire	Montreal, Quebec	4.3
Collective Arts Brewing	Hamilton, Ontario	4.3
Half Acre Beer Company	Chicago, Illinois	4.3
L’Amère à Boire	Montreal, Quebec	4.3
Tallgrass Brewing Company	Manhattan, Kansas	4.3
Firestone Walker Brewing (Duvel-Moortgat)	Paso Robles, California	4.3
Collective Arts Brewing	Hamilton, Ontario	4.3
L’Amère à Boire	Montreal, Quebec	4.3
Smuttynose Brewing Company	Hampton, New Hampshire	4.3
Brouwerij Van Steenberge	Ertvelde, Belgium	4.3
Magic Rock Brewing	Huddersfield, West Yorkshire	4.3
Siren	Finchampstead, Berkshire	4.3
Great Lakes Brewing (Ohio)	Cleveland, Ohio	4.3
Westvleteren Abdij St. Sixtus	Westvleteren, Belgium	4.3
Ballast Point Brewing Company (Constellation)	San Diego, California	4.3
Magic Rock Brewing	Huddersfield, West Yorkshire	4.1
Deschutes Brewery	Bend, Oregon	4.1
Magic Rock Brewing	Huddersfield, West Yorkshire	4.1
Brauerei Heller	Bamberg, Bavaria	4.1
Brauerei Aying	Aying, Bavaria	4.1
Brouwerij Van Steenberge	Ertvelde, Belgium	4.1
The Alchemist	Stowe, Vermont	4.1
Timothy Taylor	Keighley, West Yorkshire	4.1
Hill Farmstead Brewery	Greensboro, Vermont	4.1
Arrogant Brewing	Escondido, California	4.1
Westvleteren Abdij St. Sixtus	Westvleteren, Belgium	4.1
Founders Brewing Company	Grand Rapids, Michigan	4.1
Westvleteren Abdij St. Sixtus	Westvleteren, Belgium	4.1
Deschutes Brewery	Bend, Oregon	4.1
Westvleteren Abdij St. Sixtus	Westvleteren, Belgium	4.1
Dieu du Ciel	Montreal, Quebec	4.2
Excel Brewing Company	Breese, Illinois	4.2
Fuller’s	London, Greater London	4.2
Founders Brewing Company	Grand Rapids, Michigan	4.2
Prairie Artisan Ales	Tulsa, Oklahoma	4.2
Prairie Artisan Ales	Tulsa, Oklahoma	4.2
Redchurch	Bethnal Green, Greater London	4.2
Brouwerij Van Steenberge	Ertvelde, Belgium	4.2
Buxton	Buxton, Derbyshire	4.2
Steamworks Brewing (Canada)	Vancouver, British Columbia	4.2
Other Half Brewing	Brooklyn, New York	4.2
Lagunitas Brewing Company (Heineken)	Petaluma, California	4.2
La Cumbre Brewing Company	Albuquerque, New Mexico	4.2
Mikkeller San Diego	San Diego, California	4.2
New Glarus Brewing Company	New Glarus, Wisconsin	4.2
Cloudwater Brew Co	Manchester, Greater Manchester	3.9
Cloudwater Brew Co	Manchester, Greater Manchester	3.9
Magic Rock Brewing	Huddersfield, West Yorkshire	3.9
Cloudwater Brew Co	Manchester, Greater Manchester	3.9
Alpine Beer Company (CA)	Alpine, California	3.9
The Alchemist	Stowe, Vermont	3.9
Brasserie Dunham	Dunham, Quebec	3.9
The Kernel	Bermondsey, Greater London	3.9
Westbrook Brewing	Mount Pleasant, South Carolina	3.9
Hill Farmstead Brewery	Greensboro, Vermont	3.9
Founders Brewing Company	Grand Rapids, Michigan	3.9
Brasserie dOrval	Florenville - Villers-d.-Orval, Belgium	3.9
Trillium Brewing Company	Boston, Massachusetts	3.9
Other Half Brewing	Brooklyn, New York	3.9
Hair of the Dog Brewing Company	Portland, Oregon	3.9
Uerige Obergärige Hausbrauerei	Düsseldorf, North Rhine-Westphalia	3.7
Uerige Obergärige Hausbrauerei	Düsseldorf, North Rhine-Westphalia	3.7
Toppling Goliath	Decorah, Iowa	3.7
Tired Hands Brewing Company	Ardmore, Pennsylvania	3.7
Arrogant Brewing	Escondido, California	3.7
Tired Hands Brewing Company	Ardmore, Pennsylvania	3.7
Firestone Walker Brewing (Duvel-Moortgat)	Paso Robles, California	3.7
Uerige Obergärige Hausbrauerei	Düsseldorf, North Rhine-Westphalia	3.7
Uerige Obergärige Hausbrauerei	Düsseldorf, North Rhine-Westphalia	3.7
Siren	Finchampstead, Berkshire	3.7
Other Half Brewing	Brooklyn, New York	3.7
Lost And Grounded	Bristol, Gloucestershire	3.7
Boulevard Brewing Company (Duvel-Moortgat)	Kansas City, Missouri	3.7
Lagunitas Brewing Company (Heineken)	Petaluma, California	3.7
Tired Hands Brewing Company	Ardmore, Pennsylvania	3.7
Microbrasserie Maltstrom	Notre-Dame-des-Prairies, Quebec	4.1
Port Brewing Company / The Lost Abbey	San Marcos, California	4.1
Prairie Artisan Ales	Tulsa, Oklahoma	4.1
The Alchemist	Stowe, Vermont	4.1
Half Acre Beer Company	Chicago, Illinois	4.1
Prairie Artisan Ales	Tulsa, Oklahoma	4.1
Anchor Brewing Company	San Francisco, California	4.1
Rogue Ales	Newport, Oregon	4.1
Jolly Pumpkin Artisan Ales	Dexter, Michigan	4.1
The Bruery	Placentia, California	4.1
Steamworks Brewing (Canada)	Vancouver, British Columbia	4.1
Cloudwater Brew Co	Manchester, Greater Manchester	4.1
Cloudwater Brew Co	Manchester, Greater Manchester	4.1
Brouwerij der Trappisten van Westmalle	Malle, Belgium	4.1
Schneider Weisse G. Schneider & Sohn GmbH	Kelheim, Bavaria	4.1
Founders Brewing Company	Grand Rapids, Michigan	3.3
De Garde Brewing	Tillamook, Oregon	3.3
Hill Farmstead Brewery	Greensboro, Vermont	3.3
Creature Comforts Brewing Company	Athens, Georgia	3.3
Cloudwater Brew Co	Manchester, Greater Manchester	3.3
Spaten-Franziskaner-Bräu (InBev)	Munich, Bavaria	3.3
Cigar City Brewing	Tampa, Florida	3.3
Brooklyn Brewery	Brooklyn, New York	3.3
Knee Deep Brewing Company	Auburn, California	3.3
Founders Brewing Company	Grand Rapids, Michigan	3.3
Brouwerij Van Steenberge	Ertvelde, Belgium	3.3
Westvleteren Abdij St. Sixtus	Westvleteren, Belgium	3.3
J. Wakefield Brewing	Miami, Florida	3.3
Magic Rock Brewing	Huddersfield, West Yorkshire	3.3
J. Wakefield Brewing	Miami, Florida	3.3
Magic Rock Brewing	Huddersfield, West Yorkshire	4
Bayerische Staatsbrauerei Weihenstephan	Freising, Bavaria	4
Brouwerij Rodenbach (Palm)	Roeselare, Belgium	4
Brouwerij Rodenbach (Palm)	Roeselare, Belgium	4
Bell’s Brewery	Galesburg, Michigan	4
Cloudwater Brew Co	Manchester, Greater Manchester	4
Cloudwater Brew Co	Manchester, Greater Manchester	4
Lost And Grounded	Bristol, Gloucestershire	4
Brouwerij Van Steenberge	Ertvelde, Belgium	4
Magic Rock Brewing	Huddersfield, West Yorkshire	4
Bayerische Staatsbrauerei Weihenstephan	Freising, Bavaria	4
Lagunitas Brewing Company (Heineken)	Petaluma, California	4
Oskar Blues Brewery	Longmont, Colorado	4
Cloudwater Brew Co	Manchester, Greater Manchester	4
Other Half Brewing	Brooklyn, New York	4
Sixpoint Brewery	Brooklyn, New York	3.3
Brasserie Artisanale de Rulles	Rulles, Belgium	3.3
Deschutes Brewery	Bend, Oregon	3.3
Westvleteren Abdij St. Sixtus	Westvleteren, Belgium	3.3
Rogue Ales	Newport, Oregon	3.3
Westbrook Brewing	Mount Pleasant, South Carolina	3.3
Sante Adairius Rustic Ales	Capitola, California	3.3
7venth Sun Brewery	Dunedin, Florida	3.3
Cigar City Brewing	Tampa, Florida	3.3
Superstition Meadery	Prescott, Arizona	3.3
The Alchemist	Stowe, Vermont	3.3
Creature Comforts Brewing Company	Athens, Georgia	3.3
Modern Times Beer	San Diego, California	3.3
Rogue Ales	Newport, Oregon	3.3
Sante Adairius Rustic Ales	Capitola, California	3.3
Superstition Meadery	Prescott, Arizona	4.1
Other Half Brewing	Brooklyn, New York	4.1
Cigar City Brewing	Tampa, Florida	4.1
De Garde Brewing	Tillamook, Oregon	4.1
The Kernel	Bermondsey, Greater London	4.1
Cigar City Brewing	Tampa, Florida	4.1
Cellarmaker Brewing Company	San Francisco, California	4.1
The Veil Brewing Company	Richmond, Virginia	4.1
Cloudwater Brew Co	Manchester, Greater Manchester	4.1
J. Wakefield Brewing	Miami, Florida	4.1
Modern Times Beer	San Diego, California	4.1
Alpine Beer Company (CA)	Alpine, California	4.1
Monkish Brewing Company	Torrance, California	4.1
Tired Hands Brewing Company	Ardmore, Pennsylvania	4.1
Voodoo Brewing Co.	Meadville, Pennsylvania	4.1
Superstition Meadery	Prescott, Arizona	3.9
Other Half Brewing	Brooklyn, New York	3.9
Toppling Goliath	Decorah, Iowa	3.9
The Alchemist	Stowe, Vermont	3.9
Cigar City Brewing	Tampa, Florida	3.9
Cigar City Brewing	Tampa, Florida	3.9
Rogue Ales	Newport, Oregon	3.9
Left Hand Brewing Company	Longmont, Colorado	3.9
Boulevard Brewing Company (Duvel-Moortgat)	Kansas City, Missouri	3.9
Rogue Ales	Newport, Oregon	3.9
Lagunitas Brewing Company (Heineken)	Petaluma, California	3.9
Dieu du Ciel	Montreal, Quebec	3.9
Funky Buddha Brewery	Oakland Park, Florida	3.9
The Alchemist	Stowe, Vermont	3.9
Deschutes Brewery	Bend, Oregon	3.9
Founders Brewing Company	Grand Rapids, Michigan	4.7
Ballast Point Brewing Company (Constellation)	San Diego, California	4.7
Other Half Brewing	Brooklyn, New York	4.7
Other Half Brewing	Brooklyn, New York	4.7
Mikkeller San Diego	San Diego, California	4.7
Other Half Brewing	Brooklyn, New York	4.7
Driftwood Brewery (Canada)	Victoria, British Columbia	4.7
Deschutes Brewery	Bend, Oregon	4.7
Westvleteren Abdij St. Sixtus	Westvleteren, Belgium	4.7
Maine Beer Company	Freeport, Maine	4.7
AleSmith Brewing Company	San Diego, California	4.7
Maine Beer Company	Freeport, Maine	4.7
Maine Beer Company	Freeport, Maine	4.7
Maine Beer Company	Freeport, Maine	4.7
Pelican Pub & Brewery	Pacific City, Oregon	4.7
Arrogant Brewing	Escondido, California	3.5
AleSmith Brewing Company	San Diego, California	3.5
Russian River Brewing	Santa Rosa, California	3.5
Trillium Brewing Company	Boston, Massachusetts	3.5
Southern Tier Brewing Company (ABV)	Lakewood, New York	3.5
Boston Beer Company	Boston, Massachusetts	3.5
Hill Farmstead Brewery	Greensboro, Vermont	3.5
Tree House Brewing Company	Monson, Massachusetts	3.5
Founders Brewing Company	Grand Rapids, Michigan	3.5
August Schell Brewing Company	New Ulm, Minnesota	3.5
AleSmith Brewing Company	San Diego, California	3.5
Microbrasserie Pit Caribou	L’Anse-à-Beaufils, Quebec	3.5
Cigar City Brewing	Tampa, Florida	3.5
Anchor Brewing Company	San Francisco, California	3.5
The Duck-Rabbit Craft Brewery	Farmville, North Carolina	3.5
Sierra Nevada Brewing Company	Chico, California	3.4
Boulder Beer Company	Boulder, Colorado	3.4
Uinta Brewing Company	Salt Lake City, Utah	3.4
Straight To Ale	Huntsville, Alabama	3.4
Trillium Brewing Company	Boston, Massachusetts	3.4
Bissell Brothers Brewing Company	Portland, Maine	3.4
Perrin Brewing Company	Comstock Park, Michigan	3.4
À l’Abri de la Tempête	L’Étang du Nord, Iles-de-la-Madeleine, Quebec	3.4
Arrogant Brewing	Escondido, California	3.4
Klosterbrauerei Andechs	Andechs, Bavaria	3.4
Chimay	Baileux, Belgium	3.4
New Glarus Brewing Company	New Glarus, Wisconsin	3.4
Cigar City Brewing	Tampa, Florida	3.4
Bayerische Staatsbrauerei Weihenstephan	Freising, Bavaria	3.4
Stone Brewing	Escondido, California	3.4
Foundation Brewing Company	Portland, Maine	3.3
Samuel Smith	Tadcaster, North Yorkshire	3.3
Grand Teton Brewing Co.	Victor, Idaho	3.3
Trillium Brewing Company	Boston, Massachusetts	3.3
Ballast Point Brewing Company (Constellation)	San Diego, California	3.3
Buxton	Buxton, Derbyshire	3.3
Three Floyds Brewing Company	Munster, Indiana	3.3
Boneyard Beer Company	Bend, Oregon	3.3
Brouwerij Van Steenberge	Ertvelde, Belgium	3.3
Tallgrass Brewing Company	Manhattan, Kansas	3.3
Trillium Brewing Company	Boston, Massachusetts	3.3
Magic Rock Brewing	Huddersfield, West Yorkshire	3.3
Port Brewing Company / The Lost Abbey	San Marcos, California	3.3
Trillium Brewing Company	Boston, Massachusetts	3.3
Brouwerij Van Steenberge	Ertvelde, Belgium	3.3
Buxton	Buxton, Derbyshire	4
Magic Rock Brewing	Huddersfield, West Yorkshire	4
Dieu du Ciel	Montreal, Quebec	4
Sixpoint Brewery	Brooklyn, New York	4
Cloudwater Brew Co	Manchester, Greater Manchester	4
Siren	Finchampstead, Berkshire	4
Mac and Jack’s Brewing Company	Redmond, Washington	4
Cloudwater Brew Co	Manchester, Greater Manchester	4
Cloudwater Brew Co	Manchester, Greater Manchester	4
Allagash Brewing Company	Portland, Maine	4
Bayerische Staatsbrauerei Weihenstephan	Freising, Bavaria	4
Pelican Pub & Brewery	Pacific City, Oregon	4
Mikkeller San Diego	San Diego, California	4
Brouwerij Van Steenberge	Ertvelde, Belgium	4
Russian River Brewing	Santa Rosa, California	4
The Veil Brewing Company	Richmond, Virginia	3.6
Beavertown Brewery	Tottenham, Greater London	3.6
Other Half Brewing	Brooklyn, New York	3.6
The Alchemist	Stowe, Vermont	3.6
Port Brewing Company / The Lost Abbey	San Marcos, California	3.6
Port Brewing Company / The Lost Abbey	San Marcos, California	3.6
Moor	Bristol, Gloucestershire	3.6
Prairie Artisan Ales	Tulsa, Oklahoma	3.6
Brasserie St-Feuillien / Friart	Le Roeulx, Belgium	3.6
Stone Brewing	Escondido, California	3.6
Dieu du Ciel	Montreal, Quebec	3.6
Brouwerij Van Steenberge	Ertvelde, Belgium	3.6
J. Wakefield Brewing	Miami, Florida	3.6
Other Half Brewing	Brooklyn, New York	3.6
Hopdaemon	Sittingbourne, Kent	3.6
Paulaner Brauerei (Schörghuber)	Munich, Bavaria	5
Paulaner Brauerei (Schörghuber)	Munich, Bavaria	5
Brouwerij Van Steenberge	Ertvelde, Belgium	5
The Veil Brewing Company	Richmond, Virginia	5
Founders Brewing Company	Grand Rapids, Michigan	5
Alpine Beer Company (CA)	Alpine, California	5
Summit Brewing Company	St. Paul, Minnesota	5
Founders Brewing Company	Grand Rapids, Michigan	5
Vocation Brewery	Cragg Vale, West Yorkshire	5
Founders Brewing Company	Grand Rapids, Michigan	5
Other Half Brewing	Brooklyn, New York	5
Brauerei Aying	Aying, Bavaria	5
Dogfish Head Brewery	Milton, Delaware	5
Cloudwater Brew Co	Manchester, Greater Manchester	5
Old Nation Brewing Company	Williamston, Michigan	5
Hausbrauerei Zum Schlüssel	Düsseldorf, North Rhine-Westphalia	4.3
Brauerei Heller	Bamberg, Bavaria	4.3
Hill Farmstead Brewery	Greensboro, Vermont	4.3
Sierra Nevada Brewing Company	Chico, California	4.3
Hill Farmstead Brewery	Greensboro, Vermont	4.3
Cloudwater Brew Co	Manchester, Greater Manchester	4.3
Mikkeller San Diego	San Diego, California	4.3
Modern Times Beer	San Diego, California	4.3
Mikkeller San Diego	San Diego, California	4.3
Lagunitas Brewing Company (Heineken)	Petaluma, California	4.3
Tree House Brewing Company	Monson, Massachusetts	4.3
The Alchemist	Stowe, Vermont	4.3
Trillium Brewing Company	Boston, Massachusetts	4.3
Magic Rock Brewing	Huddersfield, West Yorkshire	4.3
Trillium Brewing Company	Boston, Massachusetts	4.3
Bell’s Brewery	Galesburg, Michigan	2.9
Jolly Pumpkin Artisan Ales	Dexter, Michigan	2.9
Hill Farmstead Brewery	Greensboro, Vermont	2.9
J. Wakefield Brewing	Miami, Florida	2.9
Deschutes Brewery	Bend, Oregon	2.9
Founders Brewing Company	Grand Rapids, Michigan	2.9
Founders Brewing Company	Grand Rapids, Michigan	2.9
Bayerische Staatsbrauerei Weihenstephan	Freising, Bavaria	2.9
Founders Brewing Company	Grand Rapids, Michigan	2.9
AleSmith Brewing Company	San Diego, California	2.9
Trillium Brewing Company	Boston, Massachusetts	2.9
Trillium Brewing Company	Boston, Massachusetts	2.9
Founders Brewing Company	Grand Rapids, Michigan	2.9
Cascade Brewing	Portland, Oregon	2.9
Victory Brewing Company (ABV)	Downingtown, Pennsylvania	2.9
Prairie Artisan Ales	Tulsa, Oklahoma	4.6
Redwillow	Macclesfield, Cheshire	4.6
Siren	Finchampstead, Berkshire	4.6
Schneider Weisse G. Schneider & Sohn GmbH	Kelheim, Bavaria	4.6
Prairie Artisan Ales	Tulsa, Oklahoma	4.6
The Kernel	Bermondsey, Greater London	4.6
Cloudwater Brew Co	Manchester, Greater Manchester	4.6
Goose Island Beer Company (AB-InBev)	Chicago, Illinois	4.6
Drakes Brewing Company	San Leandro, California	4.6
Bayerische Staatsbrauerei Weihenstephan	Freising, Bavaria	4.6
Brasseurs du Nord	Blainville, Quebec	4.6
Fulton Beer Company	Minneapolis, Minnesota	4.6
Victory Brewing Company (ABV)	Downingtown, Pennsylvania	4.6
AleSmith Brewing Company	San Diego, California	4.6
Ballast Point Brewing Company (Constellation)	San Diego, California	4.6
Pipeworks Brewing Company	Chicago, Illinois	3.7
Leinenkugel Brewing Company (Tenth & Blake - MillerCoors)	Chippewa Falls, Wisconsin	3.7
Toolbox Brewing Company	Vista, California	3.7
Charles Wells (Marston’s)	Bedford, Bedfordshire	3.7
Left Hand Brewing Company	Longmont, Colorado	3.7
The Veil Brewing Company	Richmond, Virginia	3.7
Bayerische Staatsbrauerei Weihenstephan	Freising, Bavaria	3.7
Stiegl	Salzburg , Austria	3.7
Ballast Point Brewing Company (Constellation)	San Diego, California	3.7
Allagash Brewing Company	Portland, Maine	3.7
J. Wakefield Brewing	Miami, Florida	3.7
Firestone Walker Brewing (Duvel-Moortgat)	Paso Robles, California	3.7
Brewery Ommegang (Duvel-Moortgat)	Cooperstown, New York	3.7
Founders Brewing Company	Grand Rapids, Michigan	3.7
Samuel Smith	Tadcaster, North Yorkshire	3.7
Klosterbrauerei Andechs	Andechs, Bavaria	3.7
Boneyard Beer Company	Bend, Oregon	3.7
Brauerei Heller	Bamberg, Bavaria	3.7
Brasserie Dunham	Dunham, Quebec	3.7
Three Floyds Brewing Company	Munster, Indiana	3.7
Brauerei Aying	Aying, Bavaria	3.7
Maine Beer Company	Freeport, Maine	3.7
Jack’s Abby Brewing	Framingham, Massachusetts	3.7
Founders Brewing Company	Grand Rapids, Michigan	3.7
Bayerische Staatsbrauerei Weihenstephan	Freising, Bavaria	3.7
Bellwoods Brewery	Toronto, Ontario	3.7
Founders Brewing Company	Grand Rapids, Michigan	3.7
Founders Brewing Company	Grand Rapids, Michigan	3.7
Prairie Artisan Ales	Tulsa, Oklahoma	3.7
Burial Beer Company	Asheville, North Carolina	3.7
The Bruery	Placentia, California	4.3
Brouwerij der Trappisten van Westmalle	Malle, Belgium	4.3
Lagunitas Brewing Company (Heineken)	Petaluma, California	4.3
Cloudwater Brew Co	Manchester, Greater Manchester	4.3
Trillium Brewing Company	Boston, Massachusetts	4.3
LTM - Les Trois Mousquetaires	Brossard, Quebec	4.3
Trillium Brewing Company	Boston, Massachusetts	4.3
The Alchemist	Stowe, Vermont	4.3
Klosterbrauerei Ettal	Ettal, Bavaria	4.3
The Kernel	Bermondsey, Greater London	4.3
Cloudwater Brew Co	Manchester, Greater Manchester	4.3
Crooked Stave	Denver, Colorado	4.3
FiftyFifty Brewing Company	Truckee, California	4.3
Dieu du Ciel	Montreal, Quebec	4.3
Old Chimneys	Diss, Suffolk	4.3
Cloudwater Brew Co	Manchester, Greater Manchester	4.4
Brouwerij Van Steenberge	Ertvelde, Belgium	4.4
Anchor Brewing Company	San Francisco, California	4.4
AleSmith Brewing Company	San Diego, California	4.4
Cloudwater Brew Co	Manchester, Greater Manchester	4.4
De Dolle Brouwers	Diksmuide, Belgium	4.4
New Belgium Brewing Company	Fort Collins, Colorado	4.4
Port Brewing Company / The Lost Abbey	San Marcos, California	4.4
Evil Twin Brewing	Brooklyn, New York	4.4
Mikkeller San Diego	San Diego, California	4.4
Brouwerij Van Steenberge	Ertvelde, Belgium	4.4
Mikkeller San Diego	San Diego, California	4.4
Alpine Beer Company (CA)	Alpine, California	4.4
Brouwerij Van Steenberge	Ertvelde, Belgium	4.4
Victory Brewing Company (ABV)	Downingtown, Pennsylvania	4.4
AleSmith Brewing Company	San Diego, California	4.2
Modern Times Beer	San Diego, California	4.2
Siren	Finchampstead, Berkshire	4.2
Toppling Goliath	Decorah, Iowa	4.2
Cloudwater Brew Co	Manchester, Greater Manchester	4.2
Cloudwater Brew Co	Manchester, Greater Manchester	4.2
Moor	Bristol, Gloucestershire	4.2
Tired Hands Brewing Company	Ardmore, Pennsylvania	4.2
Cloudwater Brew Co	Manchester, Greater Manchester	4.2
Rogue Ales	Newport, Oregon	4.2
Cigar City Brewing	Tampa, Florida	4.2
Deya Brewing Company	Cheltenham , Gloucestershire	4.2
Other Half Brewing	Brooklyn, New York	4.2
Chimay	Baileux, Belgium	4.2
Cloudwater Brew Co	Manchester, Greater Manchester	4.2
Lagunitas Brewing Company (Heineken)	Petaluma, California	3.5
Brouwerij der Trappistenabdij De Achelse Kluis	Hamont-Achel, Belgium	3.5
Other Half Brewing	Brooklyn, New York	3.5
Cloudwater Brew Co	Manchester, Greater Manchester	3.5
Craftwerk Brewing (Bitburger)	Bitburg, Rhineland-Palatinate	3.5
Firestone Walker Brewing (Duvel-Moortgat)	Paso Robles, California	3.5
Redchurch	Bethnal Green, Greater London	3.5
Moor	Bristol, Gloucestershire	3.5
Rogue Ales	Newport, Oregon	3.5
The Bruery	Placentia, California	3.5
Hill Farmstead Brewery	Greensboro, Vermont	3.5
Maine Beer Company	Freeport, Maine	3.5
Brasserie de l’Abbaye des Rocs	Montignies-sur-Roc, Belgium	3.5
Karl Strauss Brewing Company	San Diego, California	3.5
Smuttynose Brewing Company	Hampton, New Hampshire	3.5
Founders Brewing Company	Grand Rapids, Michigan	4.3
Cigar City Brewing	Tampa, Florida	4.3
Firestone Walker Brewing (Duvel-Moortgat)	Paso Robles, California	4.3
Superstition Meadery	Prescott, Arizona	4.3
Westvleteren Abdij St. Sixtus	Westvleteren, Belgium	4.3
Mikkeller San Diego	San Diego, California	4.3
B. Nektar Meadery	Ferndale, Michigan	4.3
Other Half Brewing	Brooklyn, New York	4.3
Other Half Brewing	Brooklyn, New York	4.3
New England Brewing Co.	Woodbridge, Connecticut	4.3
Paulaner Brauerei (Schörghuber)	Munich, Bavaria	4.3
Fuller’s	London, Greater London	4.3
Siren	Finchampstead, Berkshire	4.3
Mikkeller San Diego	San Diego, California	4.3
Siren	Finchampstead, Berkshire	4.3
Samuel Smith	Tadcaster, North Yorkshire	4.1
Klosterbrauerei Andechs	Andechs, Bavaria	4.1
Monkish Brewing Company	Torrance, California	4.1
Cigar City Brewing	Tampa, Florida	4.1
Founders Brewing Company	Grand Rapids, Michigan	4.1
Cloudwater Brew Co	Manchester, Greater Manchester	4.1
Sante Adairius Rustic Ales	Capitola, California	4.1
Short’s Brewing Company	Bellaire, Michigan	4.1
Cellarmaker Brewing Company	San Francisco, California	4.1
Prairie Artisan Ales	Tulsa, Oklahoma	4.1
Creature Comforts Brewing Company	Athens, Georgia	4.1
AleSmith Brewing Company	San Diego, California	4.1
Microbrasserie Le Castor - Le Castor Brewing Co.	Rigaud, Quebec	4.1
Ballast Point Brewing Company (Constellation)	San Diego, California	4.1
Anchorage Brewing Company	Anchorage, Alaska	4.1
Toppling Goliath	Decorah, Iowa	4.3
Boulder Beer Company	Boulder, Colorado	4.3
Alpine Beer Company (CA)	Alpine, California	4.3
Ballast Point Brewing Company (Constellation)	San Diego, California	4.3
Stone Brewing	Escondido, California	4.3
Unibroue (Sapporo)	Chambly, Quebec	4.3
Trillium Brewing Company	Boston, Massachusetts	4.3
Port Brewing Company / The Lost Abbey	San Marcos, California	4.3
Knee Deep Brewing Company	Auburn, California	4.3
Goose Island Beer Company (AB-InBev)	Chicago, Illinois	4.3
AleSmith Brewing Company	San Diego, California	4.3
Stone Brewing	Escondido, California	4.3
Founders Brewing Company	Grand Rapids, Michigan	4.3
Schramm’s Mead	Ferndale, Michigan	4.3
Hill Farmstead Brewery	Greensboro, Vermont	4.3
Gigantic Brewing Co.	Portland, Oregon	4
Revolution Brewing Company	Chicago, Illinois	4
Trillium Brewing Company	Boston, Massachusetts	4
Ballast Point Brewing Company (Constellation)	San Diego, California	4
Great Lakes Brewing (Ohio)	Cleveland, Ohio	4
Trillium Brewing Company	Boston, Massachusetts	4
Midnight Sun Brewing Company	Anchorage, Alaska	4
Great Divide Brewing Company	Denver, Colorado	4
Midnight Sun Brewing Company	Anchorage, Alaska	4
Central Waters Brewing Co.	Amherst, Wisconsin	4
Firestone Walker Brewing (Duvel-Moortgat)	Paso Robles, California	4
High Water Brewing	Chico, California	4
Unibroue (Sapporo)	Chambly, Quebec	4
Ballast Point Brewing Company (Constellation)	San Diego, California	4
Port Brewing Company / The Lost Abbey	San Marcos, California	4
Port Brewing Company / The Lost Abbey	San Marcos, California	3.6
Spaten-Franziskaner-Bräu (InBev)	Munich, Bavaria	3.6
Oskar Blues Brewery	Longmont, Colorado	3.6
Lagunitas Brewing Company (Heineken)	Petaluma, California	3.6
Half Acre Beer Company	Chicago, Illinois	3.6
Sante Adairius Rustic Ales	Capitola, California	3.6
Cloudwater Brew Co	Manchester, Greater Manchester	3.6
Cloudwater Brew Co	Manchester, Greater Manchester	3.6
Cloudwater Brew Co	Manchester, Greater Manchester	3.6
Cloudwater Brew Co	Manchester, Greater Manchester	3.6
Anchor Brewing Company	San Francisco, California	3.6
Cloudwater Brew Co	Manchester, Greater Manchester	3.6
Cloudwater Brew Co	Manchester, Greater Manchester	3.6
Other Half Brewing	Brooklyn, New York	3.6
Braxton Brewing Company	Covington, Kentucky	3.6
Other Half Brewing	Brooklyn, New York	3
Klosterbrauerei Andechs	Andechs, Bavaria	3
Alaskan Brewing Company	Juneau, Alaska	3
Voodoo Brewing Co.	Meadville, Pennsylvania	3
Brouwerij Rodenbach (Palm)	Roeselare, Belgium	3
Siren	Finchampstead, Berkshire	3
Chimay	Baileux, Belgium	3
Brouwerij Rodenbach (Palm)	Roeselare, Belgium	3
Cigar City Brewing	Tampa, Florida	3
Magic Rock Brewing	Huddersfield, West Yorkshire	3
Boston Beer Company	Boston, Massachusetts	3
Hill Farmstead Brewery	Greensboro, Vermont	3
Redchurch	Bethnal Green, Greater London	3
Half Acre Beer Company	Chicago, Illinois	3
The Kernel	Bermondsey, Greater London	3
Hangar 24 Craft Brewery	Redlands, California	3.4
Cloudwater Brew Co	Manchester, Greater Manchester	3.4
The Kernel	Bermondsey, Greater London	3.4
Founders Brewing Company	Grand Rapids, Michigan	3.4
Cigar City Brewing	Tampa, Florida	3.4
AleSmith Brewing Company	San Diego, California	3.4
Voodoo Brewing Co.	Meadville, Pennsylvania	3.4
De Dolle Brouwers	Diksmuide, Belgium	3.4
Brauerei Aying	Aying, Bavaria	3.4
Boneyard Beer Company	Bend, Oregon	3.4
Trillium Brewing Company	Boston, Massachusetts	3.4
Founders Brewing Company	Grand Rapids, Michigan	3.4
Victory Brewing Company (ABV)	Downingtown, Pennsylvania	3.4
Toppling Goliath	Decorah, Iowa	3.4
Other Half Brewing	Brooklyn, New York	3.4
Hangar 24 Craft Brewery	Redlands, California	3.4
Cloudwater Brew Co	Manchester, Greater Manchester	3.4
The Kernel	Bermondsey, Greater London	3.4
Founders Brewing Company	Grand Rapids, Michigan	3.4
Cigar City Brewing	Tampa, Florida	3.4
AleSmith Brewing Company	San Diego, California	3.4
Voodoo Brewing Co.	Meadville, Pennsylvania	3.4
De Dolle Brouwers	Diksmuide, Belgium	3.4
Magic Rock Brewing	Huddersfield, West Yorkshire	3.8
Paulaner Brauerei (Schörghuber)	Munich, Bavaria	3.8
Russian River Brewing	Santa Rosa, California	3.8
Magic Rock Brewing	Huddersfield, West Yorkshire	3.8
Hill Farmstead Brewery	Greensboro, Vermont	3.8
Almanac Beer Company	San Francisco, California	3.8
Funky Buddha Brewery	Oakland Park, Florida	3.8
Alpine Beer Company (CA)	Alpine, California	3.8
Unibroue (Sapporo)	Chambly, Quebec	3.8
Other Half Brewing	Brooklyn, New York	3.8
Left Hand Brewing Company	Longmont, Colorado	3.8
Uinta Brewing Company	Salt Lake City, Utah	3.8
De Dolle Brouwers	Diksmuide, Belgium	3.8
The Alchemist	Stowe, Vermont	3.8
AleSmith Brewing Company	San Diego, California	3.8
Anchor Brewing Company	San Francisco, California	3.7
Almanac Beer Company	San Francisco, California	3.7
Monkish Brewing Company	Torrance, California	3.7
J. Wakefield Brewing	Miami, Florida	3.7
Brooklyn Brewery	Brooklyn, New York	3.7
Lord Hobo Brewing Company	Woburn, Massachusetts	3.7
De Garde Brewing	Tillamook, Oregon	3.7
Jack’s Abby Brewing	Framingham, Massachusetts	3.7
De Garde Brewing	Tillamook, Oregon	3.7
Other Half Brewing	Brooklyn, New York	3.7
Boulder Beer Company	Boulder, Colorado	3.7
Schramm’s Mead	Ferndale, Michigan	3.7
Cycle Brewing	Saint Petersburg, Florida	3.7
Brouwerij Rodenbach (Palm)	Roeselare, Belgium	3.7
Creature Comforts Brewing Company	Athens, Georgia	3.7
Southern Tier Brewing Company (ABV)	Lakewood, New York	3.8
Beavertown Brewery	Tottenham, Greater London	3.8
Brauerei Heller	Bamberg, Bavaria	3.8
Trillium Brewing Company	Boston, Massachusetts	3.8
Clos Saragnat	Frelighsburg, Quebec	3.8
Lagunitas Brewing Company (Heineken)	Petaluma, California	3.8
Stone Brewing	Escondido, California	3.8
Brouwerij der Trappisten van Westmalle	Malle, Belgium	3.8
The Alchemist	Stowe, Vermont	3.8
Brouwerij der Trappisten van Westmalle	Malle, Belgium	3.8
Bayerische Staatsbrauerei Weihenstephan	Freising, Bavaria	3.8
Toppling Goliath	Decorah, Iowa	3.8
Bayerische Staatsbrauerei Weihenstephan	Freising, Bavaria	3.8
Mikkeller San Diego	San Diego, California	3.8
The Kernel	Bermondsey, Greater London	3.8
Stone Brewing	Escondido, California	3.9
Oskar Blues Brewery	Longmont, Colorado	3.9
Cloudwater Brew Co	Manchester, Greater Manchester	3.9
Cloudwater Brew Co	Manchester, Greater Manchester	3.9
Southern Tier Brewing Company (ABV)	Lakewood, New York	3.9
De Garde Brewing	Tillamook, Oregon	3.9
Hill Farmstead Brewery	Greensboro, Vermont	3.9
Hill Farmstead Brewery	Greensboro, Vermont	3.9
Revolution Brewing Company	Chicago, Illinois	3.9
Microbrasserie Le Castor - Le Castor Brewing Co.	Rigaud, Quebec	3.9
Ballast Point Brewing Company (Constellation)	San Diego, California	3.9
Blackberry Farm	Walland, Tennessee	3.9
Trillium Brewing Company	Boston, Massachusetts	3.9
Southern Tier Brewing Company (ABV)	Lakewood, New York	3.9
Deschutes Brewery	Bend, Oregon	3.9
Trillium Brewing Company	Boston, Massachusetts	4
Trillium Brewing Company	Boston, Massachusetts	4
Trillium Brewing Company	Boston, Massachusetts	4
Trillium Brewing Company	Boston, Massachusetts	4
Trillium Brewing Company	Boston, Massachusetts	4
Revolution Brewing Company	Chicago, Illinois	4
Cloudwater Brew Co	Manchester, Greater Manchester	4
Tree House Brewing Company	Monson, Massachusetts	4
Pipeworks Brewing Company	Chicago, Illinois	4
Anchor Brewing Company	San Francisco, California	4
Trillium Brewing Company	Boston, Massachusetts	4
Founders Brewing Company	Grand Rapids, Michigan	4
De Garde Brewing	Tillamook, Oregon	4
Three Floyds Brewing Company	Munster, Indiana	4
Hill Farmstead Brewery	Greensboro, Vermont	4
Evil Twin Brewing	Brooklyn, New York	3.3
Russian River Brewing	Santa Rosa, California	3.3
AleSmith Brewing Company	San Diego, California	3.3
Unibroue (Sapporo)	Chambly, Quebec	3.3
Cloudwater Brew Co	Manchester, Greater Manchester	3.3
Cloudwater Brew Co	Manchester, Greater Manchester	3.3
Prairie Artisan Ales	Tulsa, Oklahoma	3.3
Prairie Artisan Ales	Tulsa, Oklahoma	3.3
Alpine Beer Company (CA)	Alpine, California	3.3
Avery Brewing Company	Boulder, Colorado	3.3
Le Trou du Diable	Shawinigan, Quebec	3.3
Stone Brewing	Escondido, California	3.3
Moonlight Brewing Company	Santa Rosa, California	3.3
Founders Brewing Company	Grand Rapids, Michigan	3.3
Deschutes Brewery	Bend, Oregon	3.3
Revolution Brewing Company	Chicago, Illinois	3.5
Spaten-Franziskaner-Bräu (InBev)	Munich, Bavaria	3.5
Blackberry Farm	Walland, Tennessee	3.5
Fuller’s	London, Greater London	3.5
Cigar City Brewing	Tampa, Florida	3.5
Magic Rock Brewing	Huddersfield, West Yorkshire	3.5
Founders Brewing Company	Grand Rapids, Michigan	3.5
Rogue Ales	Newport, Oregon	3.5
Chimay	Baileux, Belgium	3.5
Cigar City Brewing	Tampa, Florida	3.5
Aslin Beer Company	Herndon, Virginia	3.5
Tree House Brewing Company	Monson, Massachusetts	3.5
Cloudwater Brew Co	Manchester, Greater Manchester	3.5
Rogue Ales	Newport, Oregon	3.5
Maui Brewing Company	Kihei, Maui, Hawaii	3.5
Cloudwater Brew Co	Manchester, Greater Manchester	4.4
Cigar City Brewing	Tampa, Florida	4.4
Deschutes Brewery	Bend, Oregon	4.4
Brouwerij der Trappisten van Westmalle	Malle, Belgium	4.4
Mikkeller San Diego	San Diego, California	4.4
Stone Brewing	Escondido, California	4.4
Brew By Numbers	Bermondsey, Greater London	4.4
Other Half Brewing	Brooklyn, New York	4.4
Brouwerij Rodenbach (Palm)	Roeselare, Belgium	4.4
Fuller’s	London, Greater London	4.4
Great Divide Brewing Company	Denver, Colorado	4.4
Schramm’s Mead	Ferndale, Michigan	4.4
Anchor Brewing Company	San Francisco, California	4.4
Other Half Brewing	Brooklyn, New York	4.4
Magic Rock Brewing	Huddersfield, West Yorkshire	4.4
Brauerei Heller	Bamberg, Bavaria	4.2
De Garde Brewing	Tillamook, Oregon	4.2
Westbrook Brewing	Mount Pleasant, South Carolina	4.2
Other Half Brewing	Brooklyn, New York	4.2
Siren	Finchampstead, Berkshire	4.2
Boneyard Beer Company	Bend, Oregon	4.2
Firestone Walker Brewing (Duvel-Moortgat)	Paso Robles, California	4.2
Fuller’s	London, Greater London	4.2
Other Half Brewing	Brooklyn, New York	4.2
Brauerei Heller	Bamberg, Bavaria	4.2
Jester King Brewery	Austin, Texas	4.2
Oskar Blues Brewery	Longmont, Colorado	4.2
The Veil Brewing Company	Richmond, Virginia	4.2
Deya Brewing Company	Cheltenham , Gloucestershire	4.2
Weird Beard	Ealing, Greater London	4.2
Funky Buddha Brewery	Oakland Park, Florida	4.8
J. Wakefield Brewing	Miami, Florida	4.8
Brouwerij der Trappisten van Westmalle	Malle, Belgium	4.8
Evil Twin Brewing	Brooklyn, New York	4.8
Funky Buddha Brewery	Oakland Park, Florida	4.8
Port Brewing Company / The Lost Abbey	San Marcos, California	4.8
Cigar City Brewing	Tampa, Florida	4.8
J. Wakefield Brewing	Miami, Florida	4.8
Cycle Brewing	Saint Petersburg, Florida	4.8
Hill Farmstead Brewery	Greensboro, Vermont	4.8
Voodoo Brewing Co.	Meadville, Pennsylvania	4.8
Hill Farmstead Brewery	Greensboro, Vermont	4.8
Sante Adairius Rustic Ales	Capitola, California	4.8
Creature Comforts Brewing Company	Athens, Georgia	4.8
Hill Farmstead Brewery	Greensboro, Vermont	4.8